{
  "version": "2.0",
  "operations": {
    "AddTagsToStream": "<p>Adds or updates tags for the specified Amazon Kinesis stream. Each stream can have up to 10 tags. </p> <p>If tags have already been assigned to the stream, <code>AddTagsToStream</code> overwrites any existing tags that correspond to the specified tag keys.</p>",
    "CreateStream": "<p>Creates a Amazon Kinesis stream. A stream captures and transports data records that are continuously emitted from different data sources or <i>producers</i>. Scale-out within an Amazon Kinesis stream is explicitly supported by means of shards, which are uniquely identified groups of data records in an Amazon Kinesis stream.</p> <p>You specify and control the number of shards that a stream is composed of. Each open shard can support up to 5 read transactions per second, up to a maximum total of 2 MB of data read per second. Each shard can support up to 1000 records written per second, up to a maximum total of 1 MB data written per second. You can add shards to a stream if the amount of data input increases and you can remove shards if the amount of data input decreases.</p> <p>The stream name identifies the stream. The name is scoped to the AWS account used by the application. It is also scoped by region. That is, two streams in two different accounts can have the same name, and two streams in the same account, but in two different regions, can have the same name. </p> <p><code>CreateStream</code> is an asynchronous operation. Upon receiving a <code>CreateStream</code> request, Amazon Kinesis immediately returns and sets the stream status to <code>CREATING</code>. After the stream is created, Amazon Kinesis sets the stream status to <code>ACTIVE</code>. You should perform read and write operations only on an <code>ACTIVE</code> stream. </p> <p>You receive a <code>LimitExceededException</code> when making a <code>CreateStream</code> request if you try to do one of the following:</p> <ul> <li>Have more than five streams in the <code>CREATING</code> state at any point in time.</li> <li>Create more shards than are authorized for your account.</li> </ul> <p>For the default shard limit for an AWS account, see <a href=\"http://docs.aws.amazon.com/kinesis/latest/dev/service-sizes-and-limits.html\">Amazon Kinesis Limits</a>. If you need to increase this limit, <a href=\"http://docs.aws.amazon.com/general/latest/gr/aws_service_limits.html\">contact AWS Support</a></p> <p>You can use <code>DescribeStream</code> to check the stream status, which is returned in <code>StreamStatus</code>.</p> <p><a>CreateStream</a> has a limit of 5 transactions per second per account.</p>",
    "DeleteStream": "<p>Deletes a stream and all its shards and data. You must shut down any applications that are operating on the stream before you delete the stream. If an application attempts to operate on a deleted stream, it will receive the exception <code>ResourceNotFoundException</code>.</p> <p>If the stream is in the <code>ACTIVE</code> state, you can delete it. After a <code>DeleteStream</code> request, the specified stream is in the <code>DELETING</code> state until Amazon Kinesis completes the deletion.</p> <p><b>Note:</b> Amazon Kinesis might continue to accept data read and write operations, such as <a>PutRecord</a>, <a>PutRecords</a>, and <a>GetRecords</a>, on a stream in the <code>DELETING</code> state until the stream deletion is complete.</p> <p>When you delete a stream, any shards in that stream are also deleted, and any tags are dissociated from the stream.</p> <p>You can use the <a>DescribeStream</a> operation to check the state of the stream, which is returned in <code>StreamStatus</code>.</p> <p><a>DeleteStream</a> has a limit of 5 transactions per second per account.</p>",
    "DescribeStream": "<p>Describes the specified stream.</p> <p>The information about the stream includes its current status, its Amazon Resource Name (ARN), and an array of shard objects. For each shard object, there is information about the hash key and sequence number ranges that the shard spans, and the IDs of any earlier shards that played in a role in creating the shard. A sequence number is the identifier associated with every record ingested in the Amazon Kinesis stream. The sequence number is assigned when a record is put into the stream.</p> <p>You can limit the number of returned shards using the <code>Limit</code> parameter. The number of shards in a stream may be too large to return from a single call to <code>DescribeStream</code>. You can detect this by using the <code>HasMoreShards</code> flag in the returned output. <code>HasMoreShards</code> is set to <code>true</code> when there is more data available. </p> <p><code>DescribeStream</code> is a paginated operation. If there are more shards available, you can request them using the shard ID of the last shard returned. Specify this ID in the <code>ExclusiveStartShardId</code> parameter in a subsequent request to <code>DescribeStream</code>. </p> <p><a>DescribeStream</a> has a limit of 10 transactions per second per account.</p>",
    "GetRecords": "<p>Gets data records from a shard.</p> <p>Specify a shard iterator using the <code>ShardIterator</code> parameter. The shard iterator specifies the position in the shard from which you want to start reading data records sequentially. If there are no records available in the portion of the shard that the iterator points to, <a>GetRecords</a> returns an empty list. Note that it might take multiple calls to get to a portion of the shard that contains records.</p> <p>You can scale by provisioning multiple shards. Your application should have one thread per shard, each reading continuously from its stream. To read from a stream continually, call <a>GetRecords</a> in a loop. Use <a>GetShardIterator</a> to get the shard iterator to specify in the first <a>GetRecords</a> call. <a>GetRecords</a> returns a new shard iterator in <code>NextShardIterator</code>. Specify the shard iterator returned in <code>NextShardIterator</code> in subsequent calls to <a>GetRecords</a>. Note that if the shard has been closed, the shard iterator can't return more data and <a>GetRecords</a> returns <code>null</code> in <code>NextShardIterator</code>. You can terminate the loop when the shard is closed, or when the shard iterator reaches the record with the sequence number or other attribute that marks it as the last record to process.</p> <p>Each data record can be up to 50 KB in size, and each shard can read up to 2 MB per second. You can ensure that your calls don't exceed the maximum supported size or throughput by using the <code>Limit</code> parameter to specify the maximum number of records that <a>GetRecords</a> can return. Consider your average record size when determining this limit. For example, if your average record size is 40 KB, you can limit the data returned to about 1 MB per call by specifying 25 as the limit.</p> <p>The size of the data returned by <a>GetRecords</a> will vary depending on the utilization of the shard. The maximum size of data that <a>GetRecords</a> can return is 10 MB. If a call returns this amount of data, subsequent calls made within the next 5 seconds throw <code>ProvisionedThroughputExceededException</code>. If there is insufficient provisioned throughput on the shard, subsequent calls made within the next 1 second throw <code>ProvisionedThroughputExceededException</code>. Note that <a>GetRecords</a> won't return any data when it throws an exception. For this reason, we recommend that you wait one second between calls to <a>GetRecords</a>; however, it's possible that the application will get exceptions for longer than 1 second.</p> <p>To detect whether the application is falling behind in processing, you can use the <code>MillisBehindLatest</code> response attribute. You can also monitor the amount of data in a stream using the CloudWatch metrics. For more information, see <a href=\"http://docs.aws.amazon.com/kinesis/latest/dev/monitoring_with_cloudwatch.html\">Monitoring Amazon Kinesis with Amazon CloudWatch</a> in the <i>Amazon Kinesis Developer Guide</i>.</p>",
    "GetShardIterator": "<p>Gets a shard iterator. A shard iterator expires five minutes after it is returned to the requester.</p> <p>A shard iterator specifies the position in the shard from which to start reading data records sequentially. A shard iterator specifies this position using the sequence number of a data record in a shard. A sequence number is the identifier associated with every record ingested in the Amazon Kinesis stream. The sequence number is assigned when a record is put into the stream. </p> <p>You must specify the shard iterator type. For example, you can set the <code>ShardIteratorType</code> parameter to read exactly from the position denoted by a specific sequence number by using the <code>AT_SEQUENCE_NUMBER</code> shard iterator type, or right after the sequence number by using the <code>AFTER_SEQUENCE_NUMBER</code> shard iterator type, using sequence numbers returned by earlier calls to <a>PutRecord</a>, <a>PutRecords</a>, <a>GetRecords</a>, or <a>DescribeStream</a>. You can specify the shard iterator type <code>TRIM_HORIZON</code> in the request to cause <code>ShardIterator</code> to point to the last untrimmed record in the shard in the system, which is the oldest data record in the shard. Or you can point to just after the most recent record in the shard, by using the shard iterator type <code>LATEST</code>, so that you always read the most recent data in the shard. </p> <p>When you repeatedly read from an Amazon Kinesis stream use a <a>GetShardIterator</a> request to get the first shard iterator for use in your first <a>GetRecords</a> request and then use the shard iterator returned by the <a>GetRecords</a> request in <code>NextShardIterator</code> for subsequent reads. A new shard iterator is returned by every <a>GetRecords</a> request in <code>NextShardIterator</code>, which you use in the <code>ShardIterator</code> parameter of the next <a>GetRecords</a> request. </p> <p>If a <a>GetShardIterator</a> request is made too often, you receive a <code>ProvisionedThroughputExceededException</code>. For more information about throughput limits, see <a>GetRecords</a>.</p> <p>If the shard is closed, the iterator can't return more data, and <a>GetShardIterator</a> returns <code>null</code> for its <code>ShardIterator</code>. A shard can be closed using <a>SplitShard</a> or <a>MergeShards</a>.</p> <p><a>GetShardIterator</a> has a limit of 5 transactions per second per account per open shard.</p>",
    "ListStreams": "<p> Lists your streams.</p> <p> The number of streams may be too large to return from a single call to <code>ListStreams</code>. You can limit the number of returned streams using the <code>Limit</code> parameter. If you do not specify a value for the <code>Limit</code> parameter, Amazon Kinesis uses the default limit, which is currently 10.</p> <p> You can detect if there are more streams available to list by using the <code>HasMoreStreams</code> flag from the returned output. If there are more streams available, you can request more streams by using the name of the last stream returned by the <code>ListStreams</code> request in the <code>ExclusiveStartStreamName</code> parameter in a subsequent request to <code>ListStreams</code>. The group of stream names returned by the subsequent request is then added to the list. You can continue this process until all the stream names have been collected in the list. </p> <p><a>ListStreams</a> has a limit of 5 transactions per second per account.</p>",
    "ListTagsForStream": "<p>Lists the tags for the specified Amazon Kinesis stream.</p>",
    "MergeShards": "<p>Merges two adjacent shards in a stream and combines them into a single shard to reduce the stream's capacity to ingest and transport data. Two shards are considered adjacent if the union of the hash key ranges for the two shards form a contiguous set with no gaps. For example, if you have two shards, one with a hash key range of 276...381 and the other with a hash key range of 382...454, then you could merge these two shards into a single shard that would have a hash key range of 276...454. After the merge, the single child shard receives data for all hash key values covered by the two parent shards.</p> <p><code>MergeShards</code> is called when there is a need to reduce the overall capacity of a stream because of excess capacity that is not being used. You must specify the shard to be merged and the adjacent shard for a stream. For more information about merging shards, see <a href=\"http://docs.aws.amazon.com/kinesis/latest/dev/kinesis-using-sdk-java-resharding-merge.html\">Merge Two Shards</a> in the <i>Amazon Kinesis Developer Guide</i>.</p> <p>If the stream is in the <code>ACTIVE</code> state, you can call <code>MergeShards</code>. If a stream is in the <code>CREATING</code>, <code>UPDATING</code>, or <code>DELETING</code> state, <code>MergeShards</code> returns a <code>ResourceInUseException</code>. If the specified stream does not exist, <code>MergeShards</code> returns a <code>ResourceNotFoundException</code>. </p> <p>You can use <a>DescribeStream</a> to check the state of the stream, which is returned in <code>StreamStatus</code>.</p> <p><code>MergeShards</code> is an asynchronous operation. Upon receiving a <code>MergeShards</code> request, Amazon Kinesis immediately returns a response and sets the <code>StreamStatus</code> to <code>UPDATING</code>. After the operation is completed, Amazon Kinesis sets the <code>StreamStatus</code> to <code>ACTIVE</code>. Read and write operations continue to work while the stream is in the <code>UPDATING</code> state. </p> <p>You use <a>DescribeStream</a> to determine the shard IDs that are specified in the <code>MergeShards</code> request. </p> <p>If you try to operate on too many streams in parallel using <a>CreateStream</a>, <a>DeleteStream</a>, <code>MergeShards</code> or <a>SplitShard</a>, you will receive a <code>LimitExceededException</code>. </p> <p><code>MergeShards</code> has limit of 5 transactions per second per account.</p>",
    "PutRecord": "<p>Puts (writes) a single data record from a producer into an Amazon Kinesis stream. Call <code>PutRecord</code> to send data from the producer into the Amazon Kinesis stream for real-time ingestion and subsequent processing, one record at a time. Each shard can support up to 1000 records written per second, up to a maximum total of 1 MB data written per second.</p> <p>You must specify the name of the stream that captures, stores, and transports the data; a partition key; and the data blob itself.</p> <p>The data blob can be any type of data; for example, a segment from a log file, geographic/location data, website clickstream data, and so on.</p> <p>The partition key is used by Amazon Kinesis to distribute data across shards. Amazon Kinesis segregates the data records that belong to a data stream into multiple shards, using the partition key associated with each data record to determine which shard a given data record belongs to. </p> <p>Partition keys are Unicode strings, with a maximum length limit of 256 characters for each key. An MD5 hash function is used to map partition keys to 128-bit integer values and to map associated data records to shards using the hash key ranges of the shards. You can override hashing the partition key to determine the shard by explicitly specifying a hash value using the <code>ExplicitHashKey</code> parameter. For more information, see <a href=\"http://docs.aws.amazon.com/kinesis/latest/dev/kinesis-using-sdk-java-add-data-to-stream.html\">Adding Data to a Stream</a> in the <i>Amazon Kinesis Developer Guide</i>.</p> <p><code>PutRecord</code> returns the shard ID of where the data record was placed and the sequence number that was assigned to the data record.</p> <p>Sequence numbers generally increase over time. To guarantee strictly increasing ordering, use the <code>SequenceNumberForOrdering</code> parameter. For more information, see <a href=\"http://docs.aws.amazon.com/kinesis/latest/dev/kinesis-using-sdk-java-add-data-to-stream.html\">Adding Data to a Stream</a> in the <i>Amazon Kinesis Developer Guide</i>.</p> <p>If a <code>PutRecord</code> request cannot be processed because of insufficient provisioned throughput on the shard involved in the request, <code>PutRecord</code> throws <code>ProvisionedThroughputExceededException</code>. </p> <p>Data records are accessible for only 24 hours from the time that they are added to an Amazon Kinesis stream.</p>",
    "PutRecords": "<p>Puts (writes) multiple data records from a producer into an Amazon Kinesis stream in a single call (also referred to as a <code>PutRecords</code> request). Use this operation to send data from a data producer into the Amazon Kinesis stream for real-time ingestion and processing. Each shard can support up to 1000 records written per second, up to a maximum total of 1 MB data written per second.</p> <p>You must specify the name of the stream that captures, stores, and transports the data; and an array of request <code>Records</code>, with each record in the array requiring a partition key and data blob. </p> <p>The data blob can be any type of data; for example, a segment from a log file, geographic/location data, website clickstream data, and so on.</p> <p>The partition key is used by Amazon Kinesis as input to a hash function that maps the partition key and associated data to a specific shard. An MD5 hash function is used to map partition keys to 128-bit integer values and to map associated data records to shards. As a result of this hashing mechanism, all data records with the same partition key map to the same shard within the stream. For more information, see <a href=\"http://docs.aws.amazon.com/kinesis/latest/dev/kinesis-using-sdk-java-add-data-to-stream.html\">Adding Data to a Stream</a> in the <i>Amazon Kinesis Developer Guide</i>.</p> <p>Each record in the <code>Records</code> array may include an optional parameter, <code>ExplicitHashKey</code>, which overrides the partition key to shard mapping. This parameter allows a data producer to determine explicitly the shard where the record is stored. For more information, see <a href=\"http://docs.aws.amazon.com/kinesis/latest/dev/kinesis-using-sdk-java-add-data-to-stream.html#kinesis-using-sdk-java-putrecords\">Adding Multiple Records with PutRecords</a> in the <i>Amazon Kinesis Developer Guide</i>.</p> <p>The <code>PutRecords</code> response includes an array of response <code>Records</code>. Each record in the response array directly correlates with a record in the request array using natural ordering, from the top to the bottom of the request and response. The response <code>Records</code> array always includes the same number of records as the request array.</p> <p>The response <code>Records</code> array includes both successfully and unsuccessfully processed records. Amazon Kinesis attempts to process all records in each <code>PutRecords</code> request. A single record failure does not stop the processing of subsequent records.</p> <p>A successfully-processed record includes <code>ShardId</code> and <code>SequenceNumber</code> values. The <code>ShardId</code> parameter identifies the shard in the stream where the record is stored. The <code>SequenceNumber</code> parameter is an identifier assigned to the put record, unique to all records in the stream.</p> <p>An unsuccessfully-processed record includes <code>ErrorCode</code> and <code>ErrorMessage</code> values. <code>ErrorCode</code> reflects the type of error and can be one of the following values: <code>ProvisionedThroughputExceededException</code> or <code>InternalFailure</code>. <code>ErrorMessage</code> provides more detailed information about the <code>ProvisionedThroughputExceededException</code> exception including the account ID, stream name, and shard ID of the record that was throttled. For more information about partially successful responses, see <a href=\"http://docs.aws.amazon.com/kinesis/latest/dev/kinesis-using-sdk-java-add-data-to-stream.html#kinesis-using-sdk-java-putrecords\">Adding Multiple Records with PutRecords</a> in the <i>Amazon Kinesis Developer Guide</i>.</p> <p>Data records are accessible for only 24 hours from the time that they are added to an Amazon Kinesis stream.</p>",
    "RemoveTagsFromStream": "<p>Deletes tags from the specified Amazon Kinesis stream.</p> <p>If you specify a tag that does not exist, it is ignored.</p>",
    "SplitShard": "<p>Splits a shard into two new shards in the stream, to increase the stream's capacity to ingest and transport data. <code>SplitShard</code> is called when there is a need to increase the overall capacity of stream because of an expected increase in the volume of data records being ingested. </p> <p>You can also use <code>SplitShard</code> when a shard appears to be approaching its maximum utilization, for example, when the set of producers sending data into the specific shard are suddenly sending more than previously anticipated. You can also call <code>SplitShard</code> to increase stream capacity, so that more Amazon Kinesis applications can simultaneously read data from the stream for real-time processing. </p> <p>You must specify the shard to be split and the new hash key, which is the position in the shard where the shard gets split in two. In many cases, the new hash key might simply be the average of the beginning and ending hash key, but it can be any hash key value in the range being mapped into the shard. For more information about splitting shards, see <a href=\"http://docs.aws.amazon.com/kinesis/latest/dev/kinesis-using-sdk-java-resharding-split.html\">Split a Shard</a> in the <i>Amazon Kinesis Developer Guide</i>.</p> <p>You can use <a>DescribeStream</a> to determine the shard ID and hash key values for the <code>ShardToSplit</code> and <code>NewStartingHashKey</code> parameters that are specified in the <code>SplitShard</code> request.</p> <p><code>SplitShard</code> is an asynchronous operation. Upon receiving a <code>SplitShard</code> request, Amazon Kinesis immediately returns a response and sets the stream status to <code>UPDATING</code>. After the operation is completed, Amazon Kinesis sets the stream status to <code>ACTIVE</code>. Read and write operations continue to work while the stream is in the <code>UPDATING</code> state. </p> <p>You can use <code>DescribeStream</code> to check the status of the stream, which is returned in <code>StreamStatus</code>. If the stream is in the <code>ACTIVE</code> state, you can call <code>SplitShard</code>. If a stream is in <code>CREATING</code> or <code>UPDATING</code> or <code>DELETING</code> states, <code>DescribeStream</code> returns a <code>ResourceInUseException</code>.</p> <p>If the specified stream does not exist, <code>DescribeStream</code> returns a <code>ResourceNotFoundException</code>. If you try to create more shards than are authorized for your account, you receive a <code>LimitExceededException</code>. </p> <p>For the default shard limit for an AWS account, see <a href=\"http://docs.aws.amazon.com/kinesis/latest/dev/service-sizes-and-limits.html\">Amazon Kinesis Limits</a>. If you need to increase this limit, <a href=\"http://docs.aws.amazon.com/general/latest/gr/aws_service_limits.html\">contact AWS Support</a></p> <p>If you try to operate on too many streams in parallel using <a>CreateStream</a>, <a>DeleteStream</a>, <a>MergeShards</a> or <a>SplitShard</a>, you receive a <code>LimitExceededException</code>. </p> <p><code>SplitShard</code> has limit of 5 transactions per second per account.</p>"
  },
  "service": "<fullname>Amazon Kinesis Service API Reference</fullname> <p>Amazon Kinesis is a managed service that scales elastically for real time processing of streaming big data.</p>",
  "shapes": {
    "AddTagsToStreamInput": {
      "base": "<p>Represents the input for <code>AddTagsToStream</code>.</p>",
      "refs": {
      }
    },
    "BooleanObject": {
      "base": null,
      "refs": {
        "ListStreamsOutput$HasMoreStreams": "<p>If set to <code>true</code>, there are more streams available to list.</p>",
        "ListTagsForStreamOutput$HasMoreTags": "<p>If set to <code>true</code>, more tags are available. To request additional tags, set <code>ExclusiveStartTagKey</code> to the key of the last tag returned.</p>",
        "StreamDescription$HasMoreShards": "<p>If set to <code>true</code>, more shards in the stream are available to describe.</p>"
      }
    },
    "CreateStreamInput": {
      "base": "<p>Represents the input for <code>CreateStream</code>.</p>",
      "refs": {
      }
    },
    "Data": {
      "base": null,
      "refs": {
        "PutRecordInput$Data": "<p>The data blob to put into the record, which is base64-encoded when the blob is serialized. The maximum size of the data blob (the payload before base64-encoding) is 50 kilobytes (KB) </p>",
        "PutRecordsRequestEntry$Data": "<p>The data blob to put into the record, which is base64-encoded when the blob is serialized. The maximum size of the data blob (the payload before base64-encoding) is 50 kilobytes (KB)</p>",
        "Record$Data": "<p>The data blob. The data in the blob is both opaque and immutable to the Amazon Kinesis service, which does not inspect, interpret, or change the data in the blob in any way. The maximum size of the data blob (the payload before base64-encoding) is 50 kilobytes (KB) </p>"
      }
    },
    "DeleteStreamInput": {
      "base": "<p>Represents the input for <code>DeleteStream</code>.</p>",
      "refs": {
      }
    },
    "DescribeStreamInput": {
      "base": "<p>Represents the input for <code>DescribeStream</code>.</p>",
      "refs": {
      }
    },
    "DescribeStreamInputLimit": {
      "base": null,
      "refs": {
        "DescribeStreamInput$Limit": "<p>The maximum number of shards to return.</p>"
      }
    },
    "DescribeStreamOutput": {
      "base": "<p>Represents the output for <code>DescribeStream</code>.</p>",
      "refs": {
      }
    },
    "ErrorCode": {
      "base": null,
      "refs": {
        "PutRecordsResultEntry$ErrorCode": "<p>The error code for an individual record result. <code>ErrorCodes</code> can be either <code>ProvisionedThroughputExceededException</code> or <code>InternalFailure</code>.</p>"
      }
    },
    "ErrorMessage": {
      "base": null,
      "refs": {
        "ExpiredIteratorException$message": "<p>A message that provides information about the error.</p>",
        "InvalidArgumentException$message": "<p>A message that provides information about the error.</p>",
        "LimitExceededException$message": "<p>A message that provides information about the error.</p>",
        "ProvisionedThroughputExceededException$message": "<p>A message that provides information about the error.</p>",
        "PutRecordsResultEntry$ErrorMessage": "<p>The error message for an individual record result. An <code>ErrorCode</code> value of <code>ProvisionedThroughputExceededException</code> has an error message that includes the account ID, stream name, and shard ID. An <code>ErrorCode</code> value of <code>InternalFailure</code> has the error message <code>\"Internal Service Failure\"</code>.</p>",
        "ResourceInUseException$message": "<p>A message that provides information about the error.</p>",
        "ResourceNotFoundException$message": "<p>A message that provides information about the error.</p>"
      }
    },
    "ExpiredIteratorException": {
      "base": "<p>The provided iterator exceeds the maximum age allowed.</p>",
      "refs": {
      }
    },
    "GetRecordsInput": {
      "base": "<p>Represents the input for <a>GetRecords</a>.</p>",
      "refs": {
      }
    },
    "GetRecordsInputLimit": {
      "base": null,
      "refs": {
        "GetRecordsInput$Limit": "<p>The maximum number of records to return. Specify a value of up to 10,000. If you specify a value that is greater than 10,000, <a>GetRecords</a> throws <code>InvalidArgumentException</code>.</p>"
      }
    },
    "GetRecordsOutput": {
      "base": "<p>Represents the output for <a>GetRecords</a>.</p>",
      "refs": {
      }
    },
    "GetShardIteratorInput": {
      "base": "<p>Represents the input for <code>GetShardIterator</code>.</p>",
      "refs": {
      }
    },
    "GetShardIteratorOutput": {
      "base": "<p>Represents the output for <code>GetShardIterator</code>.</p>",
      "refs": {
      }
    },
    "HashKey": {
      "base": null,
      "refs": {
        "HashKeyRange$StartingHashKey": "<p>The starting hash key of the hash key range.</p>",
        "HashKeyRange$EndingHashKey": "<p>The ending hash key of the hash key range.</p>",
        "PutRecordInput$ExplicitHashKey": "<p>The hash value used to explicitly determine the shard the data record is assigned to by overriding the partition key hash.</p>",
        "PutRecordsRequestEntry$ExplicitHashKey": "<p>The hash value used to determine explicitly the shard that the data record is assigned to by overriding the partition key hash.</p>",
        "SplitShardInput$NewStartingHashKey": "<p>A hash key value for the starting hash key of one of the child shards created by the split. The hash key range for a given shard constitutes a set of ordered contiguous positive integers. The value for <code>NewStartingHashKey</code> must be in the range of hash keys being mapped into the shard. The <code>NewStartingHashKey</code> hash key value and all higher hash key values in hash key range are distributed to one of the child shards. All the lower hash key values in the range are distributed to the other child shard.</p>"
      }
    },
    "HashKeyRange": {
      "base": "<p>The range of possible hash key values for the shard, which is a set of ordered contiguous positive integers.</p>",
      "refs": {
        "Shard$HashKeyRange": "<p>The range of possible hash key values for the shard, which is a set of ordered contiguous positive integers.</p>"
      }
    },
    "InvalidArgumentException": {
      "base": "<p>A specified parameter exceeds its restrictions, is not supported, or can't be used. For more information, see the returned message.</p>",
      "refs": {
      }
    },
    "LimitExceededException": {
      "base": "<p>The requested resource exceeds the maximum number allowed, or the number of concurrent stream requests exceeds the maximum number allowed (5).</p>",
      "refs": {
      }
    },
    "ListStreamsInput": {
      "base": "<p>Represents the input for <code>ListStreams</code>.</p>",
      "refs": {
      }
    },
    "ListStreamsInputLimit": {
      "base": null,
      "refs": {
        "ListStreamsInput$Limit": "<p>The maximum number of streams to list.</p>"
      }
    },
    "ListStreamsOutput": {
      "base": "<p>Represents the output for <code>ListStreams</code>.</p>",
      "refs": {
      }
    },
    "ListTagsForStreamInput": {
      "base": "<p>Represents the input for <code>ListTagsForStream</code>.</p>",
      "refs": {
      }
    },
    "ListTagsForStreamInputLimit": {
      "base": null,
      "refs": {
        "ListTagsForStreamInput$Limit": "<p>The number of tags to return. If this number is less than the total number of tags associated with the stream, <code>HasMoreTags</code> is set to <code>true</code>. To list additional tags, set <code>ExclusiveStartTagKey</code> to the last key in the response.</p>"
      }
    },
    "ListTagsForStreamOutput": {
      "base": "<p>Represents the output for <code>ListTagsForStream</code>.</p>",
      "refs": {
      }
    },
    "MergeShardsInput": {
      "base": "<p>Represents the input for <code>MergeShards</code>.</p>",
      "refs": {
      }
    },
    "MillisBehindLatest": {
      "base": null,
      "refs": {
        "GetRecordsOutput$MillisBehindLatest": "<p>The number of milliseconds the <a>GetRecords</a> response is from the tip of the stream, indicating how far behind current time the consumer is. A value of zero indicates record processing is caught up, and there are no new records to process at this moment.</p>"
      }
    },
    "PartitionKey": {
      "base": null,
      "refs": {
        "PutRecordInput$PartitionKey": "<p>Determines which shard in the stream the data record is assigned to. Partition keys are Unicode strings with a maximum length limit of 256 characters for each key. Amazon Kinesis uses the partition key as input to a hash function that maps the partition key and associated data to a specific shard. Specifically, an MD5 hash function is used to map partition keys to 128-bit integer values and to map associated data records to shards. As a result of this hashing mechanism, all data records with the same partition key will map to the same shard within the stream.</p>",
        "PutRecordsRequestEntry$PartitionKey": "<p>Determines which shard in the stream the data record is assigned to. Partition keys are Unicode strings with a maximum length limit of 256 characters for each key. Amazon Kinesis uses the partition key as input to a hash function that maps the partition key and associated data to a specific shard. Specifically, an MD5 hash function is used to map partition keys to 128-bit integer values and to map associated data records to shards. As a result of this hashing mechanism, all data records with the same partition key map to the same shard within the stream.</p>",
        "Record$PartitionKey": "<p>Identifies which shard in the stream the data record is assigned to.</p>"
      }
    },
    "PositiveIntegerObject": {
      "base": null,
      "refs": {
        "CreateStreamInput$ShardCount": "<p>The number of shards that the stream will use. The throughput of the stream is a function of the number of shards; more shards are required for greater provisioned throughput.</p> <p>DefaultShardLimit;</p>",
        "PutRecordsOutput$FailedRecordCount": "<p>The number of unsuccessfully processed records in a <code>PutRecords</code> request.</p>"
      }
    },
    "ProvisionedThroughputExceededException": {
      "base": "<p>The request rate is too high, or the requested data is too large for the available throughput. Reduce the frequency or size of your requests. For more information, see <a href=\"http://docs.aws.amazon.com/general/latest/gr/api-retries.html\" target=\"_blank\">Error Retries and Exponential Backoff in AWS</a> in the <i>AWS General Reference</i>.</p>",
      "refs": {
      }
    },
    "PutRecordInput": {
      "base": "<p>Represents the input for <code>PutRecord</code>.</p>",
      "refs": {
      }
    },
    "PutRecordOutput": {
      "base": "<p>Represents the output for <code>PutRecord</code>.</p>",
      "refs": {
      }
    },
    "PutRecordsInput": {
      "base": "<p>A <code>PutRecords</code> request.</p>",
      "refs": {
      }
    },
    "PutRecordsOutput": {
      "base": "<p><code>PutRecords</code> results.</p>",
      "refs": {
      }
    },
    "PutRecordsRequestEntry": {
      "base": "<p>Represents the output for <code>PutRecords</code>.</p>",
      "refs": {
        "PutRecordsRequestEntryList$member": null
      }
    },
    "PutRecordsRequestEntryList": {
      "base": null,
      "refs": {
        "PutRecordsInput$Records": "<p>The records associated with the request.</p>"
      }
    },
    "PutRecordsResultEntry": {
      "base": "<p>Represents the result of an individual record from a <code>PutRecords</code> request. A record that is successfully added to your Amazon Kinesis stream includes SequenceNumber and ShardId in the result. A record that fails to be added to your Amazon Kinesis stream includes ErrorCode and ErrorMessage in the result.</p>",
      "refs": {
        "PutRecordsResultEntryList$member": null
      }
    },
    "PutRecordsResultEntryList": {
      "base": null,
      "refs": {
        "PutRecordsOutput$Records": "<p>An array of successfully and unsuccessfully processed record results, correlated with the request by natural ordering. A record that is successfully added to your Amazon Kinesis stream includes <code>SequenceNumber</code> and <code>ShardId</code> in the result. A record that fails to be added to your Amazon Kinesis stream includes <code>ErrorCode</code> and <code>ErrorMessage</code> in the result.</p>"
      }
    },
    "Record": {
      "base": "<p>The unit of data of the Amazon Kinesis stream, which is composed of a sequence number, a partition key, and a data blob.</p>",
      "refs": {
        "RecordList$member": null
      }
    },
    "RecordList": {
      "base": null,
      "refs": {
        "GetRecordsOutput$Records": "<P>The data records retrieved from the shard.</P>"
      }
    },
    "RemoveTagsFromStreamInput": {
      "base": "<p>Represents the input for <code>RemoveTagsFromStream</code>.</p>",
      "refs": {
      }
    },
    "ResourceInUseException": {
      "base": "<p>The resource is not available for this operation. For example, you attempted to split a shard but the stream is not in the <code>ACTIVE</code> state.</p>",
      "refs": {
      }
    },
    "ResourceNotFoundException": {
      "base": "<p>The requested resource could not be found. It might not be specified correctly, or it might not be in the <code>ACTIVE</code> state.</p>",
      "refs": {
      }
    },
    "SequenceNumber": {
      "base": null,
      "refs": {
        "GetShardIteratorInput$StartingSequenceNumber": "<p>The sequence number of the data record in the shard from which to start reading from.</p>",
        "PutRecordInput$SequenceNumberForOrdering": "<p>Guarantees strictly increasing sequence numbers, for puts from the same client and to the same partition key. Usage: set the <code>SequenceNumberForOrdering</code> of record <i>n</i> to the sequence number of record <i>n-1</i> (as returned in the result when putting record <i>n-1</i>). If this parameter is not set, records will be coarsely ordered based on arrival time.</p>",
        "PutRecordOutput$SequenceNumber": "<p>The sequence number identifier that was assigned to the put data record. The sequence number for the record is unique across all records in the stream. A sequence number is the identifier associated with every record put into the stream.</p>",
        "PutRecordsResultEntry$SequenceNumber": "<p>The sequence number for an individual record result.</p>",
        "Record$SequenceNumber": "<p>The unique identifier for the record in the Amazon Kinesis stream.</p>",
        "SequenceNumberRange$StartingSequenceNumber": "<p>The starting sequence number for the range.</p>",
        "SequenceNumberRange$EndingSequenceNumber": "<p>The ending sequence number for the range. Shards that are in the OPEN state have an ending sequence number of <code>null</code>.</p>"
      }
    },
    "SequenceNumberRange": {
      "base": "<p>The range of possible sequence numbers for the shard.</p>",
      "refs": {
        "Shard$SequenceNumberRange": "<p>The range of possible sequence numbers for the shard.</p>"
      }
    },
    "Shard": {
      "base": "<p>A uniquely identified group of data records in an Amazon Kinesis stream.</p>",
      "refs": {
        "ShardList$member": null
      }
    },
    "ShardId": {
      "base": null,
      "refs": {
        "DescribeStreamInput$ExclusiveStartShardId": "<p>The shard ID of the shard to start with.</p>",
        "GetShardIteratorInput$ShardId": "<p>The shard ID of the shard to get the iterator for.</p>",
        "MergeShardsInput$ShardToMerge": "<p>The shard ID of the shard to combine with the adjacent shard for the merge.</p>",
        "MergeShardsInput$AdjacentShardToMerge": "<p>The shard ID of the adjacent shard for the merge.</p>",
        "PutRecordOutput$ShardId": "<p>The shard ID of the shard where the data record was placed.</p>",
        "PutRecordsResultEntry$ShardId": "<p>The shard ID for an individual record result.</p>",
        "Shard$ShardId": "<p>The unique identifier of the shard within the Amazon Kinesis stream.</p>",
        "Shard$ParentShardId": "<p>The shard Id of the shard's parent.</p>",
        "Shard$AdjacentParentShardId": "<p>The shard Id of the shard adjacent to the shard's parent.</p>",
        "SplitShardInput$ShardToSplit": "<p>The shard ID of the shard to split.</p>"
      }
    },
    "ShardIterator": {
      "base": null,
      "refs": {
        "GetRecordsInput$ShardIterator": "<p>The position in the shard from which you want to start sequentially reading data records. A shard iterator specifies this position using the sequence number of a data record in the shard.</p>",
        "GetRecordsOutput$NextShardIterator": "<p>The next position in the shard from which to start sequentially reading data records. If set to <code>null</code>, the shard has been closed and the requested iterator will not return any more data. </p>",
        "GetShardIteratorOutput$ShardIterator": "<p>The position in the shard from which to start reading data records sequentially. A shard iterator specifies this position using the sequence number of a data record in a shard.</p>"
      }
    },
    "ShardIteratorType": {
      "base": null,
      "refs": {
        "GetShardIteratorInput$ShardIteratorType": "<p>Determines how the shard iterator is used to start reading data records from the shard.</p> <p>The following are the valid shard iterator types:</p> <ul> <li>AT_SEQUENCE_NUMBER - Start reading exactly from the position denoted by a specific sequence number.</li> <li>AFTER_SEQUENCE_NUMBER - Start reading right after the position denoted by a specific sequence number.</li> <li>TRIM_HORIZON - Start reading at the last untrimmed record in the shard in the system, which is the oldest data record in the shard.</li> <li>LATEST - Start reading just after the most recent record in the shard, so that you always read the most recent data in the shard.</li> </ul>"
      }
    },
    "ShardList": {
      "base": null,
      "refs": {
        "StreamDescription$Shards": "<p>The shards that comprise the stream.</p>"
      }
    },
    "SplitShardInput": {
      "base": "<p>Represents the input for <code>SplitShard</code>.</p>",
      "refs": {
      }
    },
    "StreamARN": {
      "base": null,
      "refs": {
        "StreamDescription$StreamARN": "<p>The Amazon Resource Name (ARN) for the stream being described.</p>"
      }
    },
    "StreamDescription": {
      "base": "<p>Represents the output for <code>DescribeStream</code>.</p>",
      "refs": {
        "DescribeStreamOutput$StreamDescription": "<p>The current status of the stream, the stream ARN, an array of shard objects that comprise the stream, and states whether there are more shards available.</p>"
      }
    },
    "StreamName": {
      "base": null,
      "refs": {
        "AddTagsToStreamInput$StreamName": "<p>The name of the stream.</p>",
        "CreateStreamInput$StreamName": "<p>A name to identify the stream. The stream name is scoped to the AWS account used by the application that creates the stream. It is also scoped by region. That is, two streams in two different AWS accounts can have the same name, and two streams in the same AWS account, but in two different regions, can have the same name.</p>",
        "DeleteStreamInput$StreamName": "<p>The name of the stream to delete.</p>",
        "DescribeStreamInput$StreamName": "<p>The name of the stream to describe.</p>",
        "GetShardIteratorInput$StreamName": "<p>The name of the stream.</p>",
        "ListStreamsInput$ExclusiveStartStreamName": "<p>The name of the stream to start the list with.</p>",
        "ListTagsForStreamInput$StreamName": "<p>The name of the stream.</p>",
        "MergeShardsInput$StreamName": "<p>The name of the stream for the merge.</p>",
        "PutRecordInput$StreamName": "<p>The name of the stream to put the data record into.</p>",
        "PutRecordsInput$StreamName": "<p>The stream name associated with the request.</p>",
        "RemoveTagsFromStreamInput$StreamName": "<p>The name of the stream.</p>",
        "SplitShardInput$StreamName": "<p>The name of the stream for the shard split.</p>",
        "StreamDescription$StreamName": "<p>The name of the stream being described.</p>",
        "StreamNameList$member": null
      }
    },
    "StreamNameList": {
      "base": null,
      "refs": {
        "ListStreamsOutput$StreamNames": "<p>The names of the streams that are associated with the AWS account making the <code>ListStreams</code> request.</p>"
      }
    },
    "StreamStatus": {
      "base": null,
      "refs": {
        "StreamDescription$StreamStatus": "<p>The current status of the stream being described.</p> <p>The stream status is one of the following states:</p> <ul> <li> <code>CREATING</code> - The stream is being created. Amazon Kinesis immediately returns and sets <code>StreamStatus</code> to <code>CREATING</code>.</li> <li> <code>DELETING</code> - The stream is being deleted. The specified stream is in the <code>DELETING</code> state until Amazon Kinesis completes the deletion.</li> <li> <code>ACTIVE</code> - The stream exists and is ready for read and write operations or deletion. You should perform read and write operations only on an <code>ACTIVE</code> stream.</li> <li> <code>UPDATING</code> - Shards in the stream are being merged or split. Read and write operations continue to work while the stream is in the <code>UPDATING</code> state.</li> </ul>"
      }
    },
    "Tag": {
      "base": "<p>Metadata assigned to the stream, consisting of a key-value pair.</p>",
      "refs": {
        "TagList$member": null
      }
    },
    "TagKey": {
      "base": null,
      "refs": {
        "ListTagsForStreamInput$ExclusiveStartTagKey": "<p>The key to use as the starting point for the list of tags. If this parameter is set, <code>ListTagsForStream</code> gets all tags that occur after <code>ExclusiveStartTagKey</code>. </p>",
        "Tag$Key": "<p>A unique identifier for the tag. Maximum length: 128 characters. Valid characters: Unicode letters, digits, white space, _ . / = + - % @</p>",
        "TagKeyList$member": null,
        "TagMap$key": null
      }
    },
    "TagKeyList": {
      "base": null,
      "refs": {
        "RemoveTagsFromStreamInput$TagKeys": "<p>A list of tag keys. Each corresponding tag is removed from the stream.</p>"
      }
    },
    "TagList": {
      "base": null,
      "refs": {
        "ListTagsForStreamOutput$Tags": "<p>A list of tags associated with <code>StreamName</code>, starting with the first tag after <code>ExclusiveStartTagKey</code> and up to the specified <code>Limit</code>. </p>"
      }
    },
    "TagMap": {
      "base": null,
      "refs": {
        "AddTagsToStreamInput$Tags": "<p>The set of key-value pairs to use to create the tags.</p>"
      }
    },
    "TagValue": {
      "base": null,
      "refs": {
        "Tag$Value": "<p>An optional string, typically used to describe or define the tag. Maximum length: 256 characters. Valid characters: Unicode letters, digits, white space, _ . / = + - % @</p>",
        "TagMap$value": null
      }
    }
  }
}
