{
  "version": "2.0",
  "operations": {
    "CreateIdentityPool": "<p>Creates a new identity pool. The identity pool is a store of user identity information that is specific to your AWS account. The limit on identity pools is 60 per account. You must use AWS Developer credentials to call this API.</p>",
    "DeleteIdentities": "<p>Deletes identities from an identity pool. You can specify a list of 1-60 identities that you want to delete.</p> <p>You must use AWS Developer credentials to call this API.</p>",
    "DeleteIdentityPool": "<p>Deletes a user pool. Once a pool is deleted, users will not be able to authenticate with the pool.</p> <p>You must use AWS Developer credentials to call this API.</p>",
    "DescribeIdentity": "<p>Returns metadata related to the given identity, including when the identity was created and any associated linked logins.</p> <p>You must use AWS Developer credentials to call this API.</p>",
    "DescribeIdentityPool": "<p>Gets details about a particular identity pool, including the pool name, ID description, creation date, and current number of users.</p> <p>You must use AWS Developer credentials to call this API.</p>",
    "GetCredentialsForIdentity": "<p>Returns credentials for the the provided identity ID. Any provided logins will be validated against supported login providers. If the token is for cognito-identity.amazonaws.com, it will be passed through to AWS Security Token Service with the appropriate role for the token.</p> <p>This is a public API. You do not need any credentials to call this API.</p>",
    "GetId": "<p>Generates (or retrieves) a Cognito ID. Supplying multiple logins will create an implicit linked account.</p> <p>token+\";\"+tokenSecret.</p> <p>This is a public API. You do not need any credentials to call this API.</p>",
    "GetIdentityPoolRoles": "<p>Gets the roles for an identity pool.</p> <p>You must use AWS Developer credentials to call this API.</p>",
    "GetOpenIdToken": "<p>Gets an OpenID token, using a known Cognito ID. This known Cognito ID is returned by <a>GetId</a>. You can optionally add additional logins for the identity. Supplying multiple logins creates an implicit link.</p> <p>The OpenId token is valid for 15 minutes.</p> <p>This is a public API. You do not need any credentials to call this API.</p>",
    "GetOpenIdTokenForDeveloperIdentity": "<p>Registers (or retrieves) a Cognito <code>IdentityId</code> and an OpenID Connect token for a user authenticated by your backend authentication process. Supplying multiple logins will create an implicit linked account. You can only specify one developer provider as part of the <code>Logins</code> map, which is linked to the identity pool. The developer provider is the \"domain\" by which Cognito will refer to your users.</p> <p>You can use <code>GetOpenIdTokenForDeveloperIdentity</code> to create a new identity and to link new logins (that is, user credentials issued by a public provider or developer provider) to an existing identity. When you want to create a new identity, the <code>IdentityId</code> should be null. When you want to associate a new login with an existing authenticated/unauthenticated identity, you can do so by providing the existing <code>IdentityId</code>. This API will create the identity in the specified <code>IdentityPoolId</code>.</p> <p>You must use AWS Developer credentials to call this API.</p>",
    "ListIdentities": "<p>Lists the identities in a pool.</p> <p>You must use AWS Developer credentials to call this API.</p>",
    "ListIdentityPools": "<p>Lists all of the Cognito identity pools registered for your account.</p> <p>This is a public API. You do not need any credentials to call this API.</p>",
    "LookupDeveloperIdentity": "<p>Retrieves the <code>IdentityID</code> associated with a <code>DeveloperUserIdentifier</code> or the list of <code>DeveloperUserIdentifier</code>s associated with an <code>IdentityId</code> for an existing identity. Either <code>IdentityID</code> or <code>DeveloperUserIdentifier</code> must not be null. If you supply only one of these values, the other value will be searched in the database and returned as a part of the response. If you supply both, <code>DeveloperUserIdentifier</code> will be matched against <code>IdentityID</code>. If the values are verified against the database, the response returns both values and is the same as the request. Otherwise a <code>ResourceConflictException</code> is thrown.</p> <p>You must use AWS Developer credentials to call this API.</p>",
    "MergeDeveloperIdentities": "<p>Merges two users having different <code>IdentityId</code>s, existing in the same identity pool, and identified by the same developer provider. You can use this action to request that discrete users be merged and identified as a single user in the Cognito environment. Cognito associates the given source user (<code>SourceUserIdentifier</code>) with the <code>IdentityId</code> of the <code>DestinationUserIdentifier</code>. Only developer-authenticated users can be merged. If the users to be merged are associated with the same public provider, but as two different users, an exception will be thrown.</p> <p>You must use AWS Developer credentials to call this API.</p>",
    "SetIdentityPoolRoles": "<p>Sets the roles for an identity pool. These roles are used when making calls to <code>GetCredentialsForIdentity</code> action.</p> <p>You must use AWS Developer credentials to call this API.</p>",
    "UnlinkDeveloperIdentity": "<p>Unlinks a <code>DeveloperUserIdentifier</code> from an existing identity. Unlinked developer users will be considered new identities next time they are seen. If, for a given Cognito identity, you remove all federated identities as well as the developer user identifier, the Cognito identity becomes inaccessible.</p> <p>This is a public API. You do not need any credentials to call this API.</p>",
    "UnlinkIdentity": "<p>Unlinks a federated identity from an existing account. Unlinked logins will be considered new identities next time they are seen. Removing the last linked login will make this identity inaccessible.</p> <p>This is a public API. You do not need any credentials to call this API.</p>",
    "UpdateIdentityPool": "<p>Updates a user pool.</p> <p>You must use AWS Developer credentials to call this API.</p>"
  },
  "service": "<fullname>Amazon Cognito</fullname> <p>Amazon Cognito is a web service that delivers scoped temporary credentials to mobile devices and other untrusted environments. Amazon Cognito uniquely identifies a device and supplies the user with a consistent identity over the lifetime of an application.</p> <p>Using Amazon Cognito, you can enable authentication with one or more third-party identity providers (Facebook, Google, or Login with Amazon), and you can also choose to support unauthenticated access from your app. Cognito delivers a unique identifier for each user and acts as an OpenID token provider trusted by AWS Security Token Service (STS) to access temporary, limited-privilege AWS credentials.</p> <p>To provide end-user credentials, first make an unsigned call to <a>GetId</a>. If the end user is authenticated with one of the supported identity providers, set the <code>Logins</code> map with the identity provider token. <code>GetId</code> returns a unique identifier for the user.</p> <p>Next, make an unsigned call to <a>GetCredentialsForIdentity</a>. This call expects the same <code>Logins</code> map as the <code>GetId</code> call, as well as the <code>IdentityID</code> originally returned by <code>GetId</code>. Assuming your identity pool has been configured via the <a>SetIdentityPoolRoles</a> operation, <code>GetCredentialsForIdentity</code> will return AWS credentials for your use. If your pool has not been configured with <code>SetIdentityPoolRoles</code>, or if you want to follow legacy flow, make an unsigned call to <a>GetOpenIdToken</a>, which returns the OpenID token necessary to call STS and retrieve AWS credentials. This call expects the same <code>Logins</code> map as the <code>GetId</code> call, as well as the <code>IdentityID</code> originally returned by <code>GetId</code>. The token returned by <code>GetOpenIdToken</code> can be passed to the STS operation <a href=\"http://docs.aws.amazon.com/STS/latest/APIReference/API_AssumeRoleWithWebIdentity.html\">AssumeRoleWithWebIdentity</a> to retrieve AWS credentials.</p> <p>If you want to use Amazon Cognito in an Android, iOS, or Unity application, you will probably want to make API calls via the AWS Mobile SDK. To learn more, see the <a href=\"http://docs.aws.amazon.com/mobile/index.html\">AWS Mobile SDK Developer Guide</a>.</p>",
  "shapes": {
    "ARNString": {
      "base": null,
      "refs": {
        "OIDCProviderList$member": null,
        "RolesMap$value": null
      }
    },
    "AccessKeyString": {
      "base": null,
      "refs": {
        "Credentials$AccessKeyId": "<p>The Access Key portion of the credentials.</p>"
      }
    },
    "AccountId": {
      "base": null,
      "refs": {
        "GetIdInput$AccountId": "A standard AWS account ID (9+ digits)."
      }
    },
    "CreateIdentityPoolInput": {
      "base": "<p>Input to the CreateIdentityPool action.</p>",
      "refs": {
      }
    },
    "Credentials": {
      "base": "<p>Credentials for the the provided identity ID.</p>",
      "refs": {
        "GetCredentialsForIdentityResponse$Credentials": "<p>Credentials for the the provided identity ID.</p>"
      }
    },
    "DateType": {
      "base": null,
      "refs": {
        "Credentials$Expiration": "<p>The date at which these credentials will expire.</p>",
        "IdentityDescription$CreationDate": "<p>Date on which the identity was created.</p>",
        "IdentityDescription$LastModifiedDate": "<p>Date on which the identity was last modified.</p>"
      }
    },
    "DeleteIdentitiesInput": {
      "base": "<p>Input to the <code>DeleteIdentities</code> action.</p>",
      "refs": {
      }
    },
    "DeleteIdentitiesResponse": {
      "base": "<p>Returned in response to a successful <code>DeleteIdentities</code> operation.</p>",
      "refs": {
      }
    },
    "DeleteIdentityPoolInput": {
      "base": "<p>Input to the DeleteIdentityPool action.</p>",
      "refs": {
      }
    },
    "DescribeIdentityInput": {
      "base": "<p>Input to the <code>DescribeIdentity</code> action.</p>",
      "refs": {
      }
    },
    "DescribeIdentityPoolInput": {
      "base": "Input to the DescribeIdentityPool action.",
      "refs": {
      }
    },
    "DeveloperProviderName": {
      "base": null,
      "refs": {
        "CreateIdentityPoolInput$DeveloperProviderName": "<p>The \"domain\" by which Cognito will refer to your users. This name acts as a placeholder that allows your backend and the Cognito service to communicate about the developer provider. For the <code>DeveloperProviderName</code>, you can use letters as well as period (<code>.</code>), underscore (<code>_</code>), and dash (<code>-</code>).</p> <p>Once you have set a developer provider name, you cannot change it. Please take care in setting this parameter.</p>",
        "IdentityPool$DeveloperProviderName": "<p>The \"domain\" by which Cognito will refer to your users.</p>",
        "MergeDeveloperIdentitiesInput$DeveloperProviderName": "<p>The \"domain\" by which Cognito will refer to your users. This is a (pseudo) domain name that you provide while creating an identity pool. This name acts as a placeholder that allows your backend and the Cognito service to communicate about the developer provider. For the <code>DeveloperProviderName</code>, you can use letters as well as period (.), underscore (_), and dash (-).</p>",
        "UnlinkDeveloperIdentityInput$DeveloperProviderName": "<p>The \"domain\" by which Cognito will refer to your users.</p>"
      }
    },
    "DeveloperUserAlreadyRegisteredException": {
      "base": "<p>The provided developer user identifier is already registered with Cognito under a different identity ID.</p>",
      "refs": {
      }
    },
    "DeveloperUserIdentifier": {
      "base": null,
      "refs": {
        "DeveloperUserIdentifierList$member": null,
        "LookupDeveloperIdentityInput$DeveloperUserIdentifier": "<p>A unique ID used by your backend authentication process to identify a user. Typically, a developer identity provider would issue many developer user identifiers, in keeping with the number of users.</p>",
        "MergeDeveloperIdentitiesInput$SourceUserIdentifier": "<p>User identifier for the source user. The value should be a <code>DeveloperUserIdentifier</code>.</p>",
        "MergeDeveloperIdentitiesInput$DestinationUserIdentifier": "<p>User identifier for the destination user. The value should be a <code>DeveloperUserIdentifier</code>.</p>",
        "UnlinkDeveloperIdentityInput$DeveloperUserIdentifier": "A unique ID used by your backend authentication process to identify a user."
      }
    },
    "DeveloperUserIdentifierList": {
      "base": null,
      "refs": {
        "LookupDeveloperIdentityResponse$DeveloperUserIdentifierList": "<p>This is the list of developer user identifiers associated with an identity ID. Cognito supports the association of multiple developer user identifiers with an identity ID.</p>"
      }
    },
    "ErrorCode": {
      "base": null,
      "refs": {
        "UnprocessedIdentityId$ErrorCode": "<p>The error code indicating the type of error that occurred.</p>"
      }
    },
    "ExternalServiceException": {
      "base": "<p>An exception thrown when a dependent service such as Facebook or Twitter is not responding</p>",
      "refs": {
      }
    },
    "GetCredentialsForIdentityInput": {
      "base": "<p>Input to the <code>GetCredentialsForIdentity</code> action.</p>",
      "refs": {
      }
    },
    "GetCredentialsForIdentityResponse": {
      "base": "<p>Returned in response to a successful <code>GetCredentialsForIdentity</code> operation.</p>",
      "refs": {
      }
    },
    "GetIdInput": {
      "base": "Input to the GetId action.",
      "refs": {
      }
    },
    "GetIdResponse": {
      "base": "Returned in response to a GetId request.",
      "refs": {
      }
    },
    "GetIdentityPoolRolesInput": {
      "base": "<p>Input to the <code>GetIdentityPoolRoles</code> action.</p>",
      "refs": {
      }
    },
    "GetIdentityPoolRolesResponse": {
      "base": "<p>Returned in response to a successful <code>GetIdentityPoolRoles</code> operation.</p>",
      "refs": {
      }
    },
    "GetOpenIdTokenForDeveloperIdentityInput": {
      "base": "<p>Input to the <code>GetOpenIdTokenForDeveloperIdentity</code> action.</p>",
      "refs": {
      }
    },
    "GetOpenIdTokenForDeveloperIdentityResponse": {
      "base": "<p>Returned in response to a successful <code>GetOpenIdTokenForDeveloperIdentity</code> request.</p>",
      "refs": {
      }
    },
    "GetOpenIdTokenInput": {
      "base": "Input to the GetOpenIdToken action.",
      "refs": {
      }
    },
    "GetOpenIdTokenResponse": {
      "base": "Returned in response to a successful GetOpenIdToken request.",
      "refs": {
      }
    },
    "HideDisabled": {
      "base": null,
      "refs": {
        "ListIdentitiesInput$HideDisabled": "<p>An optional boolean parameter that allows you to hide disabled identities. If omitted, the ListIdentities API will include disabled identities in the response.</p>"
      }
    },
    "IdentitiesList": {
      "base": null,
      "refs": {
        "ListIdentitiesResponse$Identities": "An object containing a set of identities and associated mappings."
      }
    },
    "IdentityDescription": {
      "base": "A description of the identity.",
      "refs": {
        "IdentitiesList$member": null
      }
    },
    "IdentityId": {
      "base": null,
      "refs": {
        "DescribeIdentityInput$IdentityId": "<p>A unique identifier in the format REGION:GUID.</p>",
        "GetCredentialsForIdentityInput$IdentityId": "<p>A unique identifier in the format REGION:GUID.</p>",
        "GetCredentialsForIdentityResponse$IdentityId": "<p>A unique identifier in the format REGION:GUID.</p>",
        "GetIdResponse$IdentityId": "A unique identifier in the format REGION:GUID.",
        "GetOpenIdTokenForDeveloperIdentityInput$IdentityId": "<p>A unique identifier in the format REGION:GUID.</p>",
        "GetOpenIdTokenForDeveloperIdentityResponse$IdentityId": "<p>A unique identifier in the format REGION:GUID.</p>",
        "GetOpenIdTokenInput$IdentityId": "A unique identifier in the format REGION:GUID.",
        "GetOpenIdTokenResponse$IdentityId": "A unique identifier in the format REGION:GUID. Note that the IdentityId returned may not match the one passed on input.",
        "IdentityDescription$IdentityId": "A unique identifier in the format REGION:GUID.",
        "IdentityIdList$member": null,
        "LookupDeveloperIdentityInput$IdentityId": "<p>A unique identifier in the format REGION:GUID.</p>",
        "LookupDeveloperIdentityResponse$IdentityId": "<p>A unique identifier in the format REGION:GUID.</p>",
        "MergeDeveloperIdentitiesResponse$IdentityId": "<p>A unique identifier in the format REGION:GUID.</p>",
        "UnlinkDeveloperIdentityInput$IdentityId": "<p>A unique identifier in the format REGION:GUID.</p>",
        "UnlinkIdentityInput$IdentityId": "A unique identifier in the format REGION:GUID.",
        "UnprocessedIdentityId$IdentityId": "<p>A unique identifier in the format REGION:GUID.</p>"
      }
    },
    "IdentityIdList": {
      "base": null,
      "refs": {
        "DeleteIdentitiesInput$IdentityIdsToDelete": "<p>A list of 1-60 identities that you want to delete.</p>"
      }
    },
    "IdentityPool": {
      "base": "An object representing a Cognito identity pool.",
      "refs": {
      }
    },
    "IdentityPoolId": {
      "base": null,
      "refs": {
        "DeleteIdentityPoolInput$IdentityPoolId": "An identity pool ID in the format REGION:GUID.",
        "DescribeIdentityPoolInput$IdentityPoolId": "An identity pool ID in the format REGION:GUID.",
        "GetIdInput$IdentityPoolId": "An identity pool ID in the format REGION:GUID.",
        "GetIdentityPoolRolesInput$IdentityPoolId": "<p>An identity pool ID in the format REGION:GUID.</p>",
        "GetIdentityPoolRolesResponse$IdentityPoolId": "<p>An identity pool ID in the format REGION:GUID.</p>",
        "GetOpenIdTokenForDeveloperIdentityInput$IdentityPoolId": "<p>An identity pool ID in the format REGION:GUID.</p>",
        "IdentityPool$IdentityPoolId": "An identity pool ID in the format REGION:GUID.",
        "IdentityPoolShortDescription$IdentityPoolId": "An identity pool ID in the format REGION:GUID.",
        "ListIdentitiesInput$IdentityPoolId": "An identity pool ID in the format REGION:GUID.",
        "ListIdentitiesResponse$IdentityPoolId": "An identity pool ID in the format REGION:GUID.",
        "LookupDeveloperIdentityInput$IdentityPoolId": "<p>An identity pool ID in the format REGION:GUID.</p>",
        "MergeDeveloperIdentitiesInput$IdentityPoolId": "<p>An identity pool ID in the format REGION:GUID.</p>",
        "SetIdentityPoolRolesInput$IdentityPoolId": "<p>An identity pool ID in the format REGION:GUID.</p>",
        "UnlinkDeveloperIdentityInput$IdentityPoolId": "<p>An identity pool ID in the format REGION:GUID.</p>"
      }
    },
    "IdentityPoolName": {
      "base": null,
      "refs": {
        "CreateIdentityPoolInput$IdentityPoolName": "<p>A string that you provide.</p>",
        "IdentityPool$IdentityPoolName": "<p>A string that you provide.</p>",
        "IdentityPoolShortDescription$IdentityPoolName": "A string that you provide."
      }
    },
    "IdentityPoolShortDescription": {
      "base": "A description of the identity pool.",
      "refs": {
        "IdentityPoolsList$member": null
      }
    },
    "IdentityPoolUnauthenticated": {
      "base": null,
      "refs": {
        "CreateIdentityPoolInput$AllowUnauthenticatedIdentities": "<p>TRUE if the identity pool supports unauthenticated logins.</p>",
        "IdentityPool$AllowUnauthenticatedIdentities": "TRUE if the identity pool supports unauthenticated logins."
      }
    },
    "IdentityPoolsList": {
      "base": null,
      "refs": {
        "ListIdentityPoolsResponse$IdentityPools": "The identity pools returned by the ListIdentityPools action."
      }
    },
    "IdentityProviderId": {
      "base": null,
      "refs": {
        "IdentityProviders$value": null
      }
    },
    "IdentityProviderName": {
      "base": null,
      "refs": {
        "IdentityProviders$key": null,
        "LoginsList$member": null,
        "LoginsMap$key": null
      }
    },
    "IdentityProviderToken": {
      "base": null,
      "refs": {
        "LoginsMap$value": null
      }
    },
    "IdentityProviders": {
      "base": null,
      "refs": {
        "CreateIdentityPoolInput$SupportedLoginProviders": "<p>Optional key:value pairs mapping provider names to provider app IDs.</p>",
        "IdentityPool$SupportedLoginProviders": "<p>Optional key:value pairs mapping provider names to provider app IDs.</p>"
      }
    },
    "InternalErrorException": {
      "base": "Thrown when the service encounters an error during processing the request.",
      "refs": {
      }
    },
    "InvalidIdentityPoolConfigurationException": {
      "base": "<p>Thrown if the identity pool has no role associated for the given auth type (auth/unauth) or if the AssumeRole fails.</p>",
      "refs": {
      }
    },
    "InvalidParameterException": {
      "base": "Thrown for missing or bad input parameter(s).",
      "refs": {
      }
    },
    "LimitExceededException": {
      "base": "Thrown when the total number of user pools has exceeded a preset limit.",
      "refs": {
      }
    },
    "ListIdentitiesInput": {
      "base": "Input to the ListIdentities action.",
      "refs": {
      }
    },
    "ListIdentitiesResponse": {
      "base": "The response to a ListIdentities request.",
      "refs": {
      }
    },
    "ListIdentityPoolsInput": {
      "base": "Input to the ListIdentityPools action.",
      "refs": {
      }
    },
    "ListIdentityPoolsResponse": {
      "base": "The result of a successful ListIdentityPools action.",
      "refs": {
      }
    },
    "LoginsList": {
      "base": null,
      "refs": {
        "IdentityDescription$Logins": "A set of optional name-value pairs that map provider names to provider tokens.",
        "UnlinkIdentityInput$LoginsToRemove": "Provider names to unlink from this identity."
      }
    },
    "LoginsMap": {
      "base": null,
      "refs": {
        "GetCredentialsForIdentityInput$Logins": "<p>A set of optional name-value pairs that map provider names to provider tokens.</p>",
        "GetIdInput$Logins": "<p>A set of optional name-value pairs that map provider names to provider tokens.</p> <p>The available provider names for <code>Logins</code> are as follows: <ul> <li>Facebook: <code>graph.facebook.com</code> </li> <li>Google: <code>accounts.google.com</code> </li> <li>Amazon: <code>www.amazon.com</code> </li> <li>Twitter: <code>www.twitter.com</code> </li> <li>Digits: <code>www.digits.com</code> </li> </ul> </p>",
        "GetOpenIdTokenForDeveloperIdentityInput$Logins": "<p>A set of optional name-value pairs that map provider names to provider tokens. Each name-value pair represents a user from a public provider or developer provider. If the user is from a developer provider, the name-value pair will follow the syntax <code>\"developer_provider_name\": \"developer_user_identifier\"</code>. The developer provider is the \"domain\" by which Cognito will refer to your users; you provided this domain while creating/updating the identity pool. The developer user identifier is an identifier from your backend that uniquely identifies a user. When you create an identity pool, you can specify the supported logins.</p>",
        "GetOpenIdTokenInput$Logins": "A set of optional name-value pairs that map provider names to provider tokens. When using graph.facebook.com and www.amazon.com, supply the access_token returned from the provider's authflow. For accounts.google.com or any other OpenId Connect provider, always include the id_token.",
        "UnlinkIdentityInput$Logins": "A set of optional name-value pairs that map provider names to provider tokens."
      }
    },
    "LookupDeveloperIdentityInput": {
      "base": "<p>Input to the <code>LookupDeveloperIdentityInput</code> action.</p>",
      "refs": {
      }
    },
    "LookupDeveloperIdentityResponse": {
      "base": "<p>Returned in response to a successful <code>LookupDeveloperIdentity</code> action.</p>",
      "refs": {
      }
    },
    "MergeDeveloperIdentitiesInput": {
      "base": "<p>Input to the <code>MergeDeveloperIdentities</code> action.</p>",
      "refs": {
      }
    },
    "MergeDeveloperIdentitiesResponse": {
      "base": "<p>Returned in response to a successful <code>MergeDeveloperIdentities</code> action.</p>",
      "refs": {
      }
    },
    "NotAuthorizedException": {
      "base": "Thrown when a user is not authorized to access the requested resource.",
      "refs": {
      }
    },
    "OIDCProviderList": {
      "base": null,
      "refs": {
        "CreateIdentityPoolInput$OpenIdConnectProviderARNs": "<p>A list of OpendID Connect provider ARNs.</p>",
        "IdentityPool$OpenIdConnectProviderARNs": "<p>A list of OpendID Connect provider ARNs.</p>"
      }
    },
    "OIDCToken": {
      "base": null,
      "refs": {
        "GetOpenIdTokenForDeveloperIdentityResponse$Token": "<p>An OpenID token.</p>",
        "GetOpenIdTokenResponse$Token": "An OpenID token, valid for 15 minutes."
      }
    },
    "PaginationKey": {
      "base": null,
      "refs": {
        "ListIdentitiesInput$NextToken": "A pagination token.",
        "ListIdentitiesResponse$NextToken": "A pagination token.",
        "ListIdentityPoolsInput$NextToken": "A pagination token.",
        "ListIdentityPoolsResponse$NextToken": "A pagination token.",
        "LookupDeveloperIdentityInput$NextToken": "<p>A pagination token. The first call you make will have <code>NextToken</code> set to null. After that the service will return <code>NextToken</code> values as needed. For example, let's say you make a request with <code>MaxResults</code> set to 10, and there are 20 matches in the database. The service will return a pagination token as a part of the response. This token can be used to call the API again and get results starting from the 11th match.</p>",
        "LookupDeveloperIdentityResponse$NextToken": "<p>A pagination token. The first call you make will have <code>NextToken</code> set to null. After that the service will return <code>NextToken</code> values as needed. For example, let's say you make a request with <code>MaxResults</code> set to 10, and there are 20 matches in the database. The service will return a pagination token as a part of the response. This token can be used to call the API again and get results starting from the 11th match.</p>"
      }
    },
    "QueryLimit": {
      "base": null,
      "refs": {
        "ListIdentitiesInput$MaxResults": "The maximum number of identities to return.",
        "ListIdentityPoolsInput$MaxResults": "The maximum number of identities to return.",
        "LookupDeveloperIdentityInput$MaxResults": "<p>The maximum number of identities to return.</p>"
      }
    },
    "ResourceConflictException": {
      "base": "Thrown when a user tries to use a login which is already linked to another account.",
      "refs": {
      }
    },
    "ResourceNotFoundException": {
      "base": "Thrown when the requested resource (for example, a dataset or record) does not exist.",
      "refs": {
      }
    },
    "RoleType": {
      "base": null,
      "refs": {
        "RolesMap$key": null
      }
    },
    "RolesMap": {
      "base": null,
      "refs": {
        "GetIdentityPoolRolesResponse$Roles": "<p>The map of roles associated with this pool. Currently only authenticated and unauthenticated roles are supported.</p>",
        "SetIdentityPoolRolesInput$Roles": "<p>The map of roles associated with this pool. For a given role, the key will be either \"authenticated\" or \"unauthenticated\" and the value will be the Role ARN.</p>"
      }
    },
    "SecretKeyString": {
      "base": null,
      "refs": {
        "Credentials$SecretKey": "<p>The Secret Access Key portion of the credentials</p>"
      }
    },
    "SessionTokenString": {
      "base": null,
      "refs": {
        "Credentials$SessionToken": "<p>The Session Token portion of the credentials</p>"
      }
    },
    "SetIdentityPoolRolesInput": {
      "base": "<p>Input to the <code>SetIdentityPoolRoles</code> action.</p>",
      "refs": {
      }
    },
    "String": {
      "base": null,
      "refs": {
        "DeveloperUserAlreadyRegisteredException$message": "<p>This developer user identifier is already registered with Cognito.</p>",
        "ExternalServiceException$message": "<p>The message returned by an ExternalServiceException</p>",
        "InternalErrorException$message": "The message returned by an InternalErrorException.",
        "InvalidIdentityPoolConfigurationException$message": "<p>The message returned for an <code>InvalidIdentityPoolConfigurationException</code></p>",
        "InvalidParameterException$message": "The message returned by an InvalidParameterException.",
        "LimitExceededException$message": "The message returned by a LimitExceededException.",
        "NotAuthorizedException$message": "The message returned by a NotAuthorizedException",
        "ResourceConflictException$message": "The message returned by a ResourceConflictException.",
        "ResourceNotFoundException$message": "The message returned by a ResourceNotFoundException.",
        "TooManyRequestsException$message": "Message returned by a TooManyRequestsException"
      }
    },
    "TokenDuration": {
      "base": null,
      "refs": {
        "GetOpenIdTokenForDeveloperIdentityInput$TokenDuration": "<p>The expiration time of the token, in seconds. You can specify a custom expiration time for the token so that you can cache it. If you don't provide an expiration time, the token is valid for 15 minutes. You can exchange the token with Amazon STS for temporary AWS credentials, which are valid for a maximum of one hour. The maximum token duration you can set is 24 hours. You should take care in setting the expiration time for a token, as there are significant security implications: an attacker could use a leaked token to access your AWS resources for the token's duration.</p>"
      }
    },
    "TooManyRequestsException": {
      "base": "Thrown when a request is throttled.",
      "refs": {
      }
    },
    "UnlinkDeveloperIdentityInput": {
      "base": "<p>Input to the <code>UnlinkDeveloperIdentity</code> action.</p>",
      "refs": {
      }
    },
    "UnlinkIdentityInput": {
      "base": "Input to the UnlinkIdentity action.",
      "refs": {
      }
    },
    "UnprocessedIdentityId": {
      "base": "<p>An array of UnprocessedIdentityId objects, each of which contains an ErrorCode and IdentityId.</p>",
      "refs": {
        "UnprocessedIdentityIdList$member": null
      }
    },
    "UnprocessedIdentityIdList": {
      "base": null,
      "refs": {
        "DeleteIdentitiesResponse$UnprocessedIdentityIds": "<p>An array of UnprocessedIdentityId objects, each of which contains an ErrorCode and IdentityId.</p>"
      }
    }
  }
}
